1,Elias,Badine,elias@gmail.com
2,Hassan,Khadra,hassan@gmail.com
3,Elihas,Baddra,eliashassan@gmail.com
4,e,b,eb@.com
5,h,k,hk@.com
6,def,efef,hg@.fef
7,helo,halo,he@ho.com
1,Elias,Badine,elias@gmail.com
2,Hassan,Khadra,hassan@gmail.com
3,Elihas,Baddra,eliashassan@gmail.com
4,e,b,eb@.com
5,h,k,hk@.com
6,def,efef,hg@.fef
7,helo,halo,he@ho.com
8,zahi,chami,zahi@gmail.com
1,Elias,Badine,elias@gmail.com
2,Hassan,Khadra,hassan@gmail.com
3,Elihas,Baddra,eliashassan@gmail.com
4,e,b,eb@.com
5,h,k,hk@.com
6,def,efef,hg@.fef
7,helo,halo,he@ho.com
1,Elias,Badine,elias@gmail.com
2,Hassan,Khadra,hassan@gmail.com
3,Elihas,Baddra,eliashassan@gmail.com
4,e,b,eb@.com
5,h,k,hk@.com
6,def,efef,hg@.fef
7,helo,halo,he@ho.com
8,zahi,chami,zahi@gmail.com
16,cookie,cookie,cookie@gmail.com
